Job Title,Address,Job Link
Junior Web Developer,"Petaling Jaya, Selangor, Malaysia
3 weeks ago",https://my.linkedin.com/jobs/view/junior-web-developer-at-webqlo-3921425464?position=1&pageNum=0&refId=Tiu1ya94PsvZgSBCVoXdsw%3D%3D&trackingId=KmqVQtIuztxPGoB9Q%2BYJbg%3D%3D&trk=public_jobs_jserp-result_search-card
Front-end Developer,"Puchong, Selangor, Malaysia
Actively Hiring
4 months ago",https://my.linkedin.com/jobs/view/front-end-developer-at-hunters-international-3813461136?position=2&pageNum=0&refId=Tiu1ya94PsvZgSBCVoXdsw%3D%3D&trackingId=%2FDqzNVaRzzldF4frQHkwVQ%3D%3D&trk=public_jobs_jserp-result_search-card
Front End Developer,"Puchong, Selangor, Malaysia
1 month ago",https://my.linkedin.com/jobs/view/front-end-developer-at-arvia%C2%AE-av-3881229939?position=3&pageNum=0&refId=Tiu1ya94PsvZgSBCVoXdsw%3D%3D&trackingId=3sLk2VI486Qp%2BQQreCLSoQ%3D%3D&trk=public_jobs_jserp-result_search-card
Front End Developer,"Selangor, Malaysia
Be an early applicant
2 weeks ago",https://my.linkedin.com/jobs/view/front-end-developer-at-kerjaya-my-3935991089?position=4&pageNum=0&refId=Tiu1ya94PsvZgSBCVoXdsw%3D%3D&trackingId=mzMowUQ7TShf%2Fe%2BxNWitKg%3D%3D&trk=public_jobs_jserp-result_search-card
Frontend Engineer,"Subang Jaya, Selangor, Malaysia
Be an early applicant
2 weeks ago",https://my.linkedin.com/jobs/view/frontend-engineer-at-caveman-group-sdn-bhd-3929017355?position=5&pageNum=0&refId=Tiu1ya94PsvZgSBCVoXdsw%3D%3D&trackingId=jR%2BezJg%2F0syrwYGKNtuS7Q%3D%3D&trk=public_jobs_jserp-result_search-card
FRONTEND WEB DEVELOPER,"Petaling Jaya, Selangor, Malaysia
4 months ago",https://my.linkedin.com/jobs/view/frontend-web-developer-at-eclipse-tech-sdn-bhd-3818942492?position=6&pageNum=0&refId=Tiu1ya94PsvZgSBCVoXdsw%3D%3D&trackingId=PrDXWOHiqbEs8HCk4pUOXA%3D%3D&trk=public_jobs_jserp-result_search-card
Frontend Developer,"Petaling Jaya, Selangor, Malaysia
Actively Hiring
1 week ago",https://my.linkedin.com/jobs/view/frontend-developer-at-attspace-ventures-sdn-bhd-3924695057?position=7&pageNum=0&refId=Tiu1ya94PsvZgSBCVoXdsw%3D%3D&trackingId=BTo6zz2udcsr237%2BQ92DKQ%3D%3D&trk=public_jobs_jserp-result_search-card
Website Developer,"Puchong, Selangor, Malaysia
Be an early applicant
1 month ago",https://my.linkedin.com/jobs/view/website-developer-at-arvia%C2%AE-av-3881235208?position=8&pageNum=0&refId=Tiu1ya94PsvZgSBCVoXdsw%3D%3D&trackingId=X%2FnYNgxAgvxPQvo8N5QOZw%3D%3D&trk=public_jobs_jserp-result_search-card
Software Developer (Frontend),"Petaling Jaya, Selangor, Malaysia
3 months ago",https://my.linkedin.com/jobs/view/software-developer-frontend-at-techies-app-technologies-sdn-bhd-3841528312?position=9&pageNum=0&refId=Tiu1ya94PsvZgSBCVoXdsw%3D%3D&trackingId=%2FmuY9ksdJP85h5WSoLc8rQ%3D%3D&trk=public_jobs_jserp-result_search-card
"Web Developer, KL","Petaling Jaya, Selangor, Malaysia
1 month ago",https://my.linkedin.com/jobs/view/web-developer-kl-at-pixl8-group-3901101099?position=11&pageNum=0&refId=Tiu1ya94PsvZgSBCVoXdsw%3D%3D&trackingId=yyGs8%2FzYc0cYcgVsTwqvjA%3D%3D&trk=public_jobs_jserp-result_search-card
Front-End Developer (React.JS)- Junior / Senior,"Petaling Jaya, Selangor, Malaysia
1 month ago",https://my.linkedin.com/jobs/view/front-end-developer-react-js-junior-senior-at-inmagine-3921335010?position=12&pageNum=0&refId=Tiu1ya94PsvZgSBCVoXdsw%3D%3D&trackingId=NeUt%2BEy4vJk9m6rHaG%2B1Xg%3D%3D&trk=public_jobs_jserp-result_search-card
Web Developer in Penang & Petaling Jaya,"Petaling Jaya, Selangor, Malaysia
Be an early applicant
1 month ago",https://my.linkedin.com/jobs/view/web-developer-in-penang-petaling-jaya-at-o2o-ecommerce-3901625287?position=13&pageNum=0&refId=Tiu1ya94PsvZgSBCVoXdsw%3D%3D&trackingId=okLneKh3Hwe3n1WsXMM%2BZg%3D%3D&trk=public_jobs_jserp-result_search-card
Front End Developer / 前端開發者,"Petaling Jaya, Selangor, Malaysia
Be an early applicant
2 weeks ago",https://my.linkedin.com/jobs/view/front-end-developer-%E5%89%8D%E7%AB%AF%E9%96%8B%E7%99%BC%E8%80%85-at-kerjaya-my-3935990337?position=14&pageNum=0&refId=Tiu1ya94PsvZgSBCVoXdsw%3D%3D&trackingId=mwKI1UgPjKVeXOjlpOYp1A%3D%3D&trk=public_jobs_jserp-result_search-card
Web Developer,"Petaling Jaya, Selangor, Malaysia
9 months ago",https://my.linkedin.com/jobs/view/web-developer-at-bike-bear-3725105638?position=15&pageNum=0&refId=Tiu1ya94PsvZgSBCVoXdsw%3D%3D&trackingId=xTHY3GeyBak62IgdOXgblA%3D%3D&trk=public_jobs_jserp-result_search-card
Frontend Developer,"Selangor, Malaysia
Actively Hiring
1 week ago",https://my.linkedin.com/jobs/view/frontend-developer-at-infront-consulting-group-asia-pacific-3931243370?position=17&pageNum=0&refId=Tiu1ya94PsvZgSBCVoXdsw%3D%3D&trackingId=frBSmJxHdPH8WSWZU%2FnHaA%3D%3D&trk=public_jobs_jserp-result_search-card
Web Application Developer,"Petaling Jaya, Selangor, Malaysia
Be an early applicant
2 months ago",https://my.linkedin.com/jobs/view/web-application-developer-at-sainoforce-technology-sdn-bhd-3874350719?position=18&pageNum=0&refId=Tiu1ya94PsvZgSBCVoXdsw%3D%3D&trackingId=gAkOYABxbkmqchU%2BLqi%2BOg%3D%3D&trk=public_jobs_jserp-result_search-card
Front End / App Developer,"Petaling Jaya, Selangor, Malaysia
Actively Hiring
1 week ago",https://my.linkedin.com/jobs/view/front-end-app-developer-at-accenture-southeast-asia-3915660418?position=21&pageNum=0&refId=Tiu1ya94PsvZgSBCVoXdsw%3D%3D&trackingId=om%2BdKlEo42aew8RAkbJeIg%3D%3D&trk=public_jobs_jserp-result_search-card
Frontend Developer,"Puchong, Selangor, Malaysia
3 days ago",https://my.linkedin.com/jobs/view/frontend-developer-at-qubit-interactive-3936686142?position=24&pageNum=0&refId=Tiu1ya94PsvZgSBCVoXdsw%3D%3D&trackingId=85DnGF8Ndo9LiDOzjAbrkQ%3D%3D&trk=public_jobs_jserp-result_search-card
Front-End & Back-End Developer (Vue.Js and Laravel),"Petaling Jaya, Selangor, Malaysia
Be an early applicant
3 weeks ago",https://my.linkedin.com/jobs/view/front-end-back-end-developer-vue-js-and-laravel-at-mvc-resources-3921781363?position=25&pageNum=0&refId=Tiu1ya94PsvZgSBCVoXdsw%3D%3D&trackingId=FRRBiWxE7Iv3MNZOPB0o1Q%3D%3D&trk=public_jobs_jserp-result_search-card
Junior PHP Developer,"Kuala Kubu Baharu, Selangor, Malaysia
Be an early applicant
4 weeks ago",https://my.linkedin.com/jobs/view/junior-php-developer-at-hyppies-com-3915078575?position=27&pageNum=0&refId=Tiu1ya94PsvZgSBCVoXdsw%3D%3D&trackingId=qSbHKxJoR8HjV898LGouag%3D%3D&trk=public_jobs_jserp-result_search-card
Internship Opportunity | Frontend Developer Intern @ Johor Bahru | Hybrid Jobs + Medical Claim,"Kelang, Selangor, Malaysia
Be an early applicant
1 month ago",https://my.linkedin.com/jobs/view/internship-opportunity-frontend-developer-intern-%40-johor-bahru-hybrid-jobs-%2B-medical-claim-at-global-outsourcing-group-3910021465?position=28&pageNum=0&refId=Tiu1ya94PsvZgSBCVoXdsw%3D%3D&trackingId=tOqngo6lZ%2BO5%2BOc%2FT8AeFQ%3D%3D&trk=public_jobs_jserp-result_search-card
Internship Opportunity | Frontend Developer Intern @ Johor Bahru | Hybrid Jobs + Medical Claim,"Kelang, Selangor, Malaysia
Be an early applicant
1 month ago",https://my.linkedin.com/jobs/view/internship-opportunity-frontend-developer-intern-%40-johor-bahru-hybrid-jobs-%2B-medical-claim-at-agensi-pekerjaan-jev-management-sdn-bhd-3911318288?position=29&pageNum=0&refId=Tiu1ya94PsvZgSBCVoXdsw%3D%3D&trackingId=2kCKJY2rI8ibumnN6yhZqg%3D%3D&trk=public_jobs_jserp-result_search-card
Javascript Developer,"Shah Alam, Selangor, Malaysia
Actively Hiring
3 months ago",https://my.linkedin.com/jobs/view/javascript-developer-at-t%C3%BCv-s%C3%BCd-3843547159?position=31&pageNum=0&refId=Tiu1ya94PsvZgSBCVoXdsw%3D%3D&trackingId=%2BS3X%2ByVU0DufKAaCmwVTVg%3D%3D&trk=public_jobs_jserp-result_search-card
Frontend Developer Internship,"Subang Jaya, Selangor, Malaysia
Be an early applicant
19 minutes ago",https://my.linkedin.com/jobs/view/frontend-developer-internship-at-digitalfren-3938062590?position=33&pageNum=0&refId=Tiu1ya94PsvZgSBCVoXdsw%3D%3D&trackingId=HzATStVrJDqI57RBfF%2FVGw%3D%3D&trk=public_jobs_jserp-result_search-card
Front-End Software Engineer (Angular),"Selangor, Malaysia
Be an early applicant
5 hours ago",https://my.linkedin.com/jobs/view/front-end-software-engineer-angular-at-qanban-3938042011?position=35&pageNum=0&refId=Tiu1ya94PsvZgSBCVoXdsw%3D%3D&trackingId=y3e6t3UI6KdWDj4r3WOxSw%3D%3D&trk=public_jobs_jserp-result_search-card
Senior Frontend Developer,"Kuala Kubu Baharu, Selangor, Malaysia
Be an early applicant
1 week ago",https://my.linkedin.com/jobs/view/senior-frontend-developer-at-hyppies-com-3930140128?position=37&pageNum=0&refId=Tiu1ya94PsvZgSBCVoXdsw%3D%3D&trackingId=sbW9VZ1EoLGcBhz%2Fo60ENQ%3D%3D&trk=public_jobs_jserp-result_search-card
Web Application Developer (PHP),"Petaling Jaya, Selangor, Malaysia
Be an early applicant
4 weeks ago",https://my.linkedin.com/jobs/view/web-application-developer-php-at-inmagine-3935189683?position=39&pageNum=0&refId=Tiu1ya94PsvZgSBCVoXdsw%3D%3D&trackingId=2kFTsxc2Ekw8%2BisKzoI1Fg%3D%3D&trk=public_jobs_jserp-result_search-card
Wordpress Web Developer,"Puchong, Selangor, Malaysia
Be an early applicant
5 days ago",https://my.linkedin.com/jobs/view/wordpress-web-developer-at-triple-y-studio-3934546258?position=40&pageNum=0&refId=Tiu1ya94PsvZgSBCVoXdsw%3D%3D&trackingId=2wl7NcOuus9BMS4NoVzEtQ%3D%3D&trk=public_jobs_jserp-result_search-card
Web Developer,"Damansara, Selangor, Malaysia
Actively Hiring
4 days ago",https://my.linkedin.com/jobs/view/web-developer-at-geno-management-solutions-3936619334?position=41&pageNum=0&refId=Tiu1ya94PsvZgSBCVoXdsw%3D%3D&trackingId=OwDVAh5%2FwwRtffr2jv76vQ%3D%3D&trk=public_jobs_jserp-result_search-card
Senior PHP Developer,"Subang Jaya, Selangor, Malaysia
2 weeks ago",https://my.linkedin.com/jobs/view/senior-php-developer-at-zus-coffee-3921619345?position=45&pageNum=0&refId=Tiu1ya94PsvZgSBCVoXdsw%3D%3D&trackingId=gEt3CszBxlvMcjZBbVFTkA%3D%3D&trk=public_jobs_jserp-result_search-card
Frontend Software Developer – Mobility IT,"Selangor, Malaysia
Actively Hiring
10 months ago",https://my.linkedin.com/jobs/view/frontend-software-developer-%E2%80%93-mobility-it-at-edag-group-3671973800?position=46&pageNum=0&refId=Tiu1ya94PsvZgSBCVoXdsw%3D%3D&trackingId=EhnTuG%2FoIQyd6hMDgpIm2Q%3D%3D&trk=public_jobs_jserp-result_search-card
Software Developer (PHP),"Shah Alam, Selangor, Malaysia
Actively Hiring
5 days ago",https://my.linkedin.com/jobs/view/software-developer-php-at-time-dotcom-berhad-3935136560?position=49&pageNum=0&refId=Tiu1ya94PsvZgSBCVoXdsw%3D%3D&trackingId=uCGjlo5b6%2B7RnyTYji3rIQ%3D%3D&trk=public_jobs_jserp-result_search-card
Senior PHP/VueJS Developer,"Petaling, Selangor, Malaysia
Actively Hiring
2 weeks ago",https://my.linkedin.com/jobs/view/senior-php-vuejs-developer-at-compasia-3928597974?position=51&pageNum=0&refId=Tiu1ya94PsvZgSBCVoXdsw%3D%3D&trackingId=p00zheOtyA1Z70RvaUsSiQ%3D%3D&trk=public_jobs_jserp-result_search-card
Web Developer,"Petaling Jaya, Selangor, Malaysia
Actively Hiring
3 weeks ago",https://my.linkedin.com/jobs/view/web-developer-at-innity-3917285100?position=52&pageNum=0&refId=Tiu1ya94PsvZgSBCVoXdsw%3D%3D&trackingId=QBByNP2dmFJwWl1G4shbPQ%3D%3D&trk=public_jobs_jserp-result_search-card
Senior Frontend Developer,"Cyberjaya, Selangor, Malaysia
Actively Hiring
3 weeks ago",https://my.linkedin.com/jobs/view/senior-frontend-developer-at-sicpa-3921778830?position=53&pageNum=0&refId=Tiu1ya94PsvZgSBCVoXdsw%3D%3D&trackingId=ZAy82i06Eyf8qizfFuppuw%3D%3D&trk=public_jobs_jserp-result_search-card
Senior Frontend Developer,"Cyberjaya, Selangor, Malaysia
2 weeks ago",https://my.linkedin.com/jobs/view/senior-frontend-developer-at-alomaid-3926487399?position=54&pageNum=0&refId=Tiu1ya94PsvZgSBCVoXdsw%3D%3D&trackingId=823Bw7qjzUrjMWg%2FZcnU9Q%3D%3D&trk=public_jobs_jserp-result_search-card
Full Stack Web Developer,"Shah Alam, Selangor, Malaysia
Actively Hiring
2 weeks ago",https://my.linkedin.com/jobs/view/full-stack-web-developer-at-innovalus-3921198521?position=55&pageNum=0&refId=Tiu1ya94PsvZgSBCVoXdsw%3D%3D&trackingId=i0e9JRu8Km9pFrvsDnNWKA%3D%3D&trk=public_jobs_jserp-result_search-card
Senior Frontend / Backend JavaScript Developer,"Puchong, Selangor, Malaysia
Actively Hiring
2 weeks ago",https://my.linkedin.com/jobs/view/senior-frontend-backend-javascript-developer-at-webby-group-3920493909?position=56&pageNum=0&refId=Tiu1ya94PsvZgSBCVoXdsw%3D%3D&trackingId=aV4964cTaz6zKURgtXhKvg%3D%3D&trk=public_jobs_jserp-result_search-card
Php Developer,"Puchong, Selangor, Malaysia
Be an early applicant
5 days ago",https://my.linkedin.com/jobs/view/php-developer-at-triple-y-studio-3934546266?position=57&pageNum=0&refId=Tiu1ya94PsvZgSBCVoXdsw%3D%3D&trackingId=ZD9SgE7frc5qpSOeH6Jz1g%3D%3D&trk=public_jobs_jserp-result_search-card
Senior Front End Developer (React JS),"Petaling Jaya, Selangor, Malaysia
Be an early applicant
4 weeks ago",https://my.linkedin.com/jobs/view/senior-front-end-developer-react-js-at-hunters-international-3915848652?position=59&pageNum=0&refId=Tiu1ya94PsvZgSBCVoXdsw%3D%3D&trackingId=toz1UMVWb3CaPAuEh6t6aQ%3D%3D&trk=public_jobs_jserp-result_search-card
Frontend Developer Flutter - co-founder,"Puchong, Selangor, Malaysia
2 days ago",https://my.linkedin.com/jobs/view/frontend-developer-flutter-co-founder-at-ners-technology-plt-3937247211?position=60&pageNum=0&refId=Tiu1ya94PsvZgSBCVoXdsw%3D%3D&trackingId=yOouUck39Bt2fnW1s90Inw%3D%3D&trk=public_jobs_jserp-result_search-card
